number,square,cube,square-root,cube-root
0,0,0,0.0,0.0
1,1,1,1.0,1.0
2,4,8,1.4142135623730951,1.2599210498948732
3,9,27,1.7320508075688772,1.4422495703074083
4,16,64,2.0,1.5874010519681994
5,25,125,2.23606797749979,1.7099759466766968
6,36,216,2.449489742783178,1.8171205928321397
7,49,343,2.6457513110645907,1.912931182772389
8,64,512,2.8284271247461903,2.0
9,81,729,3.0,2.080083823051904
10,100,1000,3.1622776601683795,2.154434690031884
11,121,1331,3.3166247903554,2.2239800905693152
12,144,1728,3.4641016151377544,2.2894284851066637
13,169,2197,3.605551275463989,2.3513346877207573
14,196,2744,3.7416573867739413,2.4101422641752297
15,225,3375,3.872983346207417,2.46621207433047
16,256,4096,4.0,2.5198420997897464
17,289,4913,4.123105625617661,2.571281590658235
18,324,5832,4.242640687119285,2.6207413942088964
19,361,6859,4.358898943540674,2.668401648721945
20,400,8000,4.47213595499958,2.7144176165949063
21,441,9261,4.58257569495584,2.7589241763811203
22,484,10648,4.69041575982343,2.802039330655387
23,529,12167,4.795831523312719,2.8438669798515654
24,576,13824,4.898979485566356,2.8844991406148166
25,625,15625,5.0,2.924017738212866
26,676,17576,5.0990195135927845,2.9624960684073702
27,729,19683,5.196152422706632,3.0
28,784,21952,5.291502622129181,3.0365889718756622
29,841,24389,5.385164807134504,3.072316825685847
30,900,27000,5.477225575051661,3.1072325059538586
31,961,29791,5.5677643628300215,3.1413806523913927
32,1024,32768,5.656854249492381,3.1748021039363987
33,1089,35937,5.744562646538029,3.207534329995826
34,1156,39304,5.830951894845301,3.239611801277483
35,1225,42875,5.916079783099616,3.2710663101885897
36,1296,46656,6.0,3.3019272488946263
37,1369,50653,6.082762530298219,3.332221851645953
38,1444,54872,6.164414002968976,3.361975406798963
39,1521,59319,6.244997998398398,3.3912114430141664
40,1600,64000,6.324555320336759,3.4199518933533937
41,1681,68921,6.4031242374328485,3.4482172403827303
42,1764,74088,6.48074069840786,3.4760266448864496
43,1849,79507,6.557438524302,3.503398060386724
44,1936,85184,6.6332495807108,3.530348335326063
45,2025,91125,6.708203932499369,3.5568933044900626
46,2116,97336,6.782329983125268,3.583047871015946
47,2209,103823,6.855654600401044,3.6088260801386944
48,2304,110592,6.928203230275509,3.634241185664279
49,2401,117649,7.0,3.6593057100229713
50,2500,125000,7.0710678118654755,3.6840314986403864
51,2601,132651,7.14142842854285,3.708429769266189
52,2704,140608,7.211102550927978,3.7325111568172478
53,2809,148877,7.280109889280518,3.756285754221072
54,2916,157464,7.3484692283495345,3.7797631496846193
55,3025,166375,7.416198487095663,3.802952460761391
56,3136,175616,7.483314773547883,3.825862365544778
57,3249,185193,7.54983443527075,3.8485011312768047
58,3364,195112,7.615773105863909,3.8708766406277966
59,3481,205379,7.681145747868608,3.8929964158732604
60,3600,216000,7.745966692414834,3.9148676411688634
61,3721,226981,7.810249675906654,3.936497183102173
62,3844,238328,7.874007874011811,3.9578916096804053
63,3969,250047,7.937253933193772,3.9790572078963917
64,4096,262144,8.0,3.9999999999999996
65,4225,274625,8.06225774829855,4.020725758589058
66,4356,287496,8.12403840463596,4.04124002062219
67,4489,300763,8.18535277187245,4.0615481004456795
68,4624,314432,8.246211251235321,4.081655101917348
69,4761,328509,8.306623862918075,4.101565929702347
70,4900,343000,8.366600265340756,4.121285299808556
71,5041,357911,8.426149773176359,4.140817749422853
72,5184,373248,8.48528137423857,4.160167646103808
73,5329,389017,8.54400374531753,4.179339196381232
74,5476,405224,8.602325267042627,4.198336453808407
75,5625,421875,8.660254037844387,4.217163326508746
76,5776,438976,8.717797887081348,4.235823584254893
77,5929,456533,8.774964387392123,4.254320865115005
78,6084,474552,8.831760866327848,4.272658681697917
79,6241,493039,8.888194417315589,4.290840427026207
80,6400,512000,8.94427190999916,4.308869380063767
81,6561,531441,9.0,4.3267487109222245
82,6724,551368,9.055385138137417,4.344481485768611
83,6889,571787,9.1104335791443,4.362070671454838
84,7056,592704,9.16515138991168,4.379519139887889
85,7225,614125,9.219544457292887,4.396829672158179
86,7396,636056,9.273618495495704,4.414004962442103
87,7569,658503,9.327379053088816,4.431047621693634
88,7744,681472,9.38083151964686,4.4479601811386305
89,7921,704969,9.433981132056603,4.464745095584537
90,8100,729000,9.486832980505138,4.481404746557164
91,8281,753571,9.539392014169456,4.497941445275415
92,8464,778688,9.591663046625438,4.514357435474001
93,8649,804357,9.643650760992955,4.530654896083492
94,8836,830584,9.695359714832659,4.546835943776344
95,9025,857375,9.746794344808963,4.562902635386966
96,9216,884736,9.797958971132712,4.5788569702133275
97,9409,912673,9.848857801796104,4.594700892207039
98,9604,941192,9.899494936611665,4.610436292058446
99,9801,970299,9.9498743710662,4.626065009182741
100,10000,1000000,10.0,4.641588833612778
101,10201,1030301,10.04987562112089,4.657009507803835
102,10404,1061208,10.099504938362077,4.672328728355259
103,10609,1092727,10.14889156509222,4.687548147653597
104,10816,1124864,10.198039027185569,4.7026693754415145
105,11025,1157625,10.246950765959598,4.7176939803165325
106,11236,1191016,10.295630140987,4.732623491163368
107,11449,1225043,10.344080432788601,4.7474593985234
108,11664,1259712,10.392304845413264,4.762203155904598
109,11881,1295029,10.44030650891055,4.776856181035017
110,12100,1331000,10.488088481701515,4.791419857062784
111,12321,1367631,10.535653752852738,4.805895533705332
112,12544,1404928,10.583005244258363,4.820284528350459
113,12769,1442897,10.63014581273465,4.834588127111639
114,12996,1481544,10.677078252031311,4.848807585839879
115,13225,1520875,10.723805294763608,4.862944131094279
116,13456,1560896,10.770329614269007,4.876998961073313
117,13689,1601613,10.816653826391969,4.890973246508748
118,13924,1643032,10.862780491200215,4.904868131524016
119,14161,1685159,10.908712114635714,4.9186847344587274
120,14400,1728000,10.954451150103322,4.93242414866094
121,14641,1771561,11.0,4.9460874432487
122,14884,1815848,11.045361017187261,4.9596756638423
123,15129,1860867,11.090536506409418,4.97318983326859
124,15376,1906624,11.135528725660043,4.986630952238645
125,15625,1953125,11.180339887498949,4.999999999999999
126,15876,2000376,11.224972160321824,5.0132979349645845
127,16129,2048383,11.269427669584644,5.026525695313479
128,16384,2097152,11.313708498984761,5.039684199579492
129,16641,2146689,11.357816691600547,5.05277434720856
130,16900,2197000,11.40175425099138,5.065797019100886
131,17161,2248091,11.445523142259598,5.0787530781327
132,17424,2299968,11.489125293076057,5.091643369659488
133,17689,2352637,11.532562594670797,5.104468722001463
134,17956,2406104,11.575836902790225,5.117229946912048
135,18225,2460375,11.61895003862225,5.12992784003009
136,18496,2515456,11.661903789690601,5.14256318131647
137,18769,2571353,11.704699910719626,5.155136735475772
138,19044,2628072,11.74734012447073,5.167649252363622
139,19321,2685619,11.789826122551595,5.180101467380292
140,19600,2744000,11.832159566199232,5.1924941018511035
141,19881,2803221,11.874342087037917,5.2048278633942004
142,20164,2863288,11.916375287812984,5.217103446276167
143,20449,2924207,11.958260743101398,5.229321531755983
144,20736,2985984,12.0,5.241482788417793
145,21025,3048625,12.041594578792296,5.253587872492901
146,21316,3112136,12.083045973594572,5.265637428171437
147,21609,3176523,12.12435565298214,5.277632087904077
148,21904,3241792,12.165525060596439,5.289572472694207
149,22201,3307949,12.206555615733702,5.301459192380904
150,22500,3375000,12.24744871391589,5.313292845913055
151,22801,3442951,12.288205727444508,5.325074021614986
152,23104,3511808,12.328828005937952,5.336803297443889
153,23409,3581577,12.36931687685298,5.348481241239363
154,23716,3652264,12.409673645990857,5.3601084109653625
155,24025,3723875,12.449899597988733,5.371685354944832
156,24336,3796416,12.489995996796797,5.383212612087283
157,24649,3869893,12.529964086141668,5.394690712109591
158,24964,3944312,12.569805089976535,5.406120175750225
159,25281,4019679,12.609520212918492,5.41750151497718
160,25600,4096000,12.649110640673518,5.428835233189813
161,25921,4173281,12.68857754044952,5.4401218254147965
162,26244,4251528,12.727922061357855,5.451361778496419
163,26569,4330747,12.767145334803704,5.462555571281397
164,26896,4410944,12.806248474865697,5.473703674798427
165,27225,4492125,12.84523257866513,5.484806552432618
166,27556,4574296,12.884098726725126,5.4958646600950125
167,27889,4657463,12.922847983320086,5.506878446387352
168,28224,4741632,12.96148139681572,5.517848352762241
169,28561,4826809,13.0,5.528774813678871
170,28900,4913000,13.038404810405298,5.539658256754464
171,29241,5000211,13.076696830622021,5.550499102911546
172,29584,5088448,13.114877048604,5.561297766521235
173,29929,5177717,13.152946437965905,5.5720546555426225
174,30276,5268024,13.19090595827292,5.5827701716584235
175,30625,5359375,13.228756555322953,5.593444710406984
176,30976,5451776,13.2664991614216,5.604078661310774
177,31329,5545233,13.30413469565007,5.61467240800149
178,31684,5639752,13.341664064126334,5.6252263283418555
179,32041,5735339,13.379088160259652,5.635740794544236
180,32400,5832000,13.416407864998739,5.64621617328617
181,32761,5929741,13.45362404707371,5.65665282582291
182,33124,6028568,13.490737563232042,5.667051108097064
183,33489,6128487,13.527749258468683,5.677411370845432
184,33856,6229504,13.564659966250536,5.68773395970313
185,34225,6331625,13.601470508735444,5.698019215305065
186,34596,6434856,13.638181696985855,5.708267473384861
187,34969,6539203,13.674794331177344,5.718479064871316
188,35344,6644672,13.711309200802088,5.728654315982437
189,35721,6751269,13.74772708486752,5.738793548317167
190,36100,6859000,13.784048752090222,5.748897078944831
191,36481,6967871,13.820274961085254,5.758965220492401
192,36864,7077888,13.856406460551018,5.768998281229633
193,37249,7189057,13.892443989449804,5.778996565152129
194,37636,7301384,13.92838827718412,5.788960372062403
195,38025,7414875,13.96424004376894,5.798889997648997
196,38416,7529536,14.0,5.808785733563703
197,38809,7645373,14.035668847618199,5.818647867496961
198,39204,7762392,14.071247279470288,5.828476683251456
199,39601,7880599,14.106735979665885,5.838272460814002
200,40000,8000000,14.142135623730951,5.848035476425731
201,40401,8120601,14.177446878757825,5.857766002650652
202,40804,8242408,14.212670403551895,5.867464308442615
203,41209,8365427,14.247806848775006,5.8771306592107395
204,41616,8489664,14.2828568570857,5.886765316883336
205,42025,8615125,14.317821063276353,5.896368539970366
206,42436,8741816,14.352700094407323,5.9059405836244885
207,42849,8869743,14.38749456993816,5.915481699700716
208,43264,8998912,14.422205101855956,5.9249921368147405
209,43681,9129329,14.45683229480096,5.934472140399941
210,44100,9261000,14.491376746189438,5.943921952763129
211,44521,9393931,14.52583904633395,5.953341813139051
212,44944,9528128,14.560219778561036,5.96273195774369
213,45369,9663597,14.594519519326424,5.972092619826399
214,45796,9800344,14.628738838327793,5.981424029720885
215,46225,9938375,14.66287829861518,5.990726414895092
216,46656,10077696,14.696938456699069,5.999999999999999
217,47089,10218313,14.730919862656235,6.009245006917366
218,47524,10360232,14.7648230602334,6.018461654806452
219,47961,10503459,14.798648586948742,6.027650160149741
220,48400,10648000,14.832396974191326,6.036810736797685
221,48841,10793861,14.866068747318506,6.045943596012513
222,49284,10941048,14.89966442575134,6.055048946511104
223,49729,11089567,14.933184523068078,6.064126994506963
224,50176,11239424,14.966629547095765,6.0731779437513245
225,50625,11390625,15.0,6.082201995573399
226,51076,11543176,15.033296378372908,6.091199348919784
227,51529,11697083,15.066519173319364,6.100170200393062
228,51984,11852352,15.0996688705415,6.109114744289606
229,52441,12008989,15.132745950421556,6.11803317263662
230,52900,12167000,15.165750888103101,6.126925675228416
231,53361,12326391,15.198684153570664,6.135792439661959
232,53824,12487168,15.231546211727817,6.144633651371694
233,54289,12649337,15.264337522473747,6.153449493663682
234,54756,12812904,15.297058540778355,6.162240147749038
235,55225,12977875,15.329709716755891,6.171005792776717
236,55696,13144256,15.362291495737216,6.179746605865644
237,56169,13312053,15.394804318340652,6.188462762136203
238,56644,13481272,15.427248620541512,6.197154434741126
239,57121,13651919,15.459624833740307,6.205821794895751
240,57600,13824000,15.491933384829668,6.214465011907717
241,58081,13997521,15.524174696260024,6.223084253206058
242,58564,14172488,15.556349186104045,6.231679684369752
243,59049,14348907,15.588457268119896,6.240251469155711
244,59536,14526784,15.620499351813308,6.248799769526243
245,60025,14706125,15.652475842498529,6.257324745675973
246,60516,14886936,15.684387141358123,6.265826556058271
247,61009,15069223,15.716233645501712,6.274305357411168
248,61504,15252992,15.748015748023622,6.2827613047827855
249,62001,15438249,15.7797338380595,6.291194551556287
250,62500,15625000,15.811388300841896,6.299605249474365
251,63001,15813251,15.84297951775486,6.307993548663267
252,63504,16003008,15.874507866387544,6.316359597656378
253,64009,16194277,15.905973720586866,6.32470354341737
254,64516,16387064,15.937377450509228,6.333025531362916
255,65025,16581375,15.968719422671311,6.341325705384997
256,65536,16777216,16.0,6.3496042078727974
257,66049,16974593,16.0312195418814,6.3578611797342
258,66564,17173512,16.06237840420901,6.366096760416892
259,67081,17373979,16.09347693943108,6.374311087929093
260,67600,17576000,16.1245154965971,6.3825042988599066
261,68121,17779581,16.15549442140351,6.390676528399307
262,68644,17984728,16.186414056238647,6.39882791035777
263,69169,18191447,16.217274740226856,6.4069585771855575
264,69696,18399744,16.24807680927192,6.415068659991652
265,70225,18609625,16.278820596099706,6.423158288562368
266,70756,18821096,16.30950643030009,6.431227591379624
267,71289,19034163,16.34013463836819,6.439276695638908
268,71824,19248832,16.3707055437449,6.447305727266913
269,72361,19465109,16.401219466856727,6.455314810938885
270,72900,19683000,16.431676725154983,6.46330407009565
271,73441,19902511,16.46207763315433,6.471273626960365
272,73984,20123648,16.492422502470642,6.479223602554966
273,74529,20346417,16.522711641858304,6.48715411671635
274,75076,20570824,16.55294535724685,6.495065288112263
275,75625,20796875,16.583123951777,6.502957234256934
276,76176,21024576,16.61324772583615,6.510830071526432
277,76729,21253933,16.64331697709324,6.518683915173769
278,77284,21484952,16.673332000533065,6.52651887934375
279,77841,21717639,16.703293088490067,6.534335077087572
280,78400,21952000,16.73320053068151,6.542132620377179
281,78961,22188041,16.76305461424021,6.549911620119374
282,79524,22425768,16.792855623746664,6.557672186169711
283,80089,22665187,16.822603841260722,6.565414427346138
284,80656,22906304,16.852299546352718,6.5731384514424285
285,81225,23149125,16.881943016134134,6.5808443652413935
286,81796,23393656,16.911534525287763,6.588532274527864
287,82369,23639903,16.941074346097416,6.596202284101479
288,82944,23887872,16.97056274847714,6.603854497789253
289,83521,24137569,17.0,6.611489018457944
290,84100,24389000,17.029386365926403,6.619105948026228
291,84681,24642171,17.05872210923198,6.626705387476669
292,85264,24897088,17.08800749063506,6.6342874368674964
293,85849,25153757,17.11724276862369,6.6418521953442085
294,86436,25412184,17.146428199482248,6.649399761150975
295,87025,25672375,17.175564037317667,6.656930231641867
296,87616,25934336,17.204650534085253,6.664443703291906
297,88209,26198073,17.233687939614086,6.671940271707946
298,88804,26463592,17.26267650163207,6.679420031639374
299,89401,26730899,17.291616465790582,6.686883076988654
300,90000,27000000,17.320508075688775,6.694329500821694
301,90601,27270901,17.349351572897472,6.701759395378069
302,91204,27543608,17.378147196982766,6.709172852081068
303,91809,27818127,17.406895185529212,6.716569961547597
304,92416,28094464,17.435595774162696,6.723950813597926
305,93025,28372625,17.46424919657298,6.731315497265289
306,93636,28652616,17.4928556845359,6.738664100805332
307,94249,28934443,17.52141546793523,6.745996711705424
308,94864,29218112,17.549928774784245,6.75331341669382
309,95481,29503629,17.578395831246947,6.760614301748689
310,96100,29791000,17.60681686165901,6.767899452107007
311,96721,30080231,17.635192088548397,6.775168952273312
312,97344,30371328,17.663521732655695,6.782422886028333
313,97969,30664297,17.69180601295413,6.789661336437484
314,98596,30959144,17.72004514666935,6.7968843858592365
315,99225,31255875,17.74823934929885,6.804092115953367
316,99856,31554496,17.776388834631177,6.811284607689078
317,100489,31855013,17.804493814764857,6.818461941353009
318,101124,32157432,17.832554500127006,6.825624196557114
319,101761,32461759,17.86057109949175,6.832771452246442
320,102400,32768000,17.88854381999832,6.839903786706787
321,103041,33076161,17.916472867168917,6.8470212775722405
322,103684,33386248,17.944358444926362,6.854124001832624
323,104329,33698267,17.97220075561143,6.861212035840819
324,104976,34012224,18.0,6.868285455319991
325,105625,34328125,18.027756377319946,6.875344335370705
326,106276,34645976,18.05547008526779,6.882388750477947
327,106929,34965783,18.083141320025124,6.88941877451804
328,107584,35287552,18.110770276274835,6.89643448076546
329,108241,35611289,18.138357147217054,6.9034359418995574
330,108900,35937000,18.16590212458495,6.910423230011183
331,109561,36264691,18.193405398660254,6.9173964166092246
332,110224,36594368,18.2208671582886,6.9243555726270385
333,110889,36926037,18.24828759089466,6.931300768428809
334,111556,37259704,18.275666882497067,6.938232073815801
335,112225,37595375,18.303005217723125,6.945149558032541
336,112896,37933056,18.33030277982336,6.952053289772898
337,113569,38272753,18.35755975068582,6.958943337186094
338,114244,38614472,18.384776310850235,6.965819767882616
339,114921,38958219,18.411952639521967,6.972682648940059
340,115600,39304000,18.439088914585774,6.979532046908886
341,116281,39651821,18.466185312619388,6.986368027818105
342,116964,40001688,18.49324200890693,6.993190657180867
343,117649,40353607,18.520259177452136,6.999999999999999
344,118336,40707584,18.547236990991408,7.006796120773448
345,119025,41063625,18.57417562100671,7.013579083499658
346,119716,41421736,18.601075237738275,7.020348951682877
347,120409,41781923,18.627936010197157,7.027105788338386
348,121104,42144192,18.65475810617763,7.033849655997662
349,121801,42508549,18.681541692269406,7.040580616713472
350,122500,42875000,18.708286933869708,7.047298732064891
351,123201,43243551,18.734993995195193,7.054004063162272
352,123904,43614208,18.76166303929372,7.060696670652125
353,124609,43986977,18.788294228055936,7.067376614721954
354,125316,44361864,18.81488772222678,7.074043955105013
355,126025,44738875,18.841443681416774,7.080698751085013
356,126736,45118016,18.867962264113206,7.087341061500753
357,127449,45499293,18.894443627691185,7.093970944750709
358,128164,45882712,18.920887928424502,7.1005884587975405
359,128881,46268279,18.947295321496416,7.107193661172559
360,129600,46656000,18.973665961010276,7.113786608980125
361,130321,47045881,19.0,7.1203673589019925
362,131044,47437928,19.026297590440446,7.126935967201602
363,131769,47832147,19.05255888325765,7.133492489728306
364,132496,48228544,19.078784028338912,7.140036981921556
365,133225,48627125,19.1049731745428,7.146569498815023
366,133956,49027896,19.131126469708992,7.153090095040668
367,134689,49430863,19.157244060668017,7.159598824832771
368,135424,49836032,19.183326093250876,7.166095742031892
369,136161,50243409,19.209372712298546,7.1725809000887955
370,136900,50653000,19.235384061671343,7.179054352068318
371,137641,51064811,19.261360284258224,7.18551615065319
372,138384,51478848,19.28730152198591,7.191966348147809
373,139129,51895117,19.313207915827967,7.198404996481965
374,139876,52313624,19.339079605813716,7.20483214721452
375,140625,52734375,19.364916731037084,7.211247851537041
376,141376,53157376,19.390719429665317,7.217652160277389
377,142129,53582633,19.4164878389476,7.2240451239032595
378,142884,54010152,19.44222209522358,7.230426792525689
379,143641,54439939,19.467922333931785,7.236797215902504
380,144400,54872000,19.493588689617926,7.24315644344174
381,145161,55306341,19.519221295943137,7.249504524205012
382,145924,55742968,19.544820285692065,7.255841506910845
383,146689,56181887,19.570385790780925,7.262167439937968
384,147456,56623104,19.595917942265423,7.268482371328558
385,148225,57066625,19.621416870348583,7.274786348791456
386,148996,57512456,19.6468827043885,7.281079419705336
387,149769,57960603,19.672315572906,7.287361631121842
388,150544,58411072,19.697715603592208,7.293633029768679
389,151321,58863869,19.72308292331602,7.299893662052675
390,152100,59319000,19.748417658131498,7.306143574062802
391,152881,59776471,19.77371993328519,7.312382811573165
392,153664,60236288,19.79898987322333,7.318611420045942
393,154449,60698457,19.82422760159901,7.3248294446343145
394,155236,61162984,19.849433241279208,7.331036930185335
395,156025,61629875,19.87460691435179,7.33723392124278
396,156816,62099136,19.8997487421324,7.343420462049962
397,157609,62570773,19.924858845171276,7.349596596552506
398,158404,63044792,19.949937343260004,7.355762368401102
399,159201,63521199,19.974984355438178,7.361917820954216
400,160000,64000000,20.0,7.368062997280773
401,160801,64481201,20.024984394500787,7.374197940162811
402,161604,64964808,20.049937655763422,7.380322692098104
403,162409,65450827,20.074859899884732,7.386437295302745
404,163216,65939264,20.09975124224178,7.392541791713715
405,164025,66430125,20.12461179749811,7.398636222991409
406,164836,66923416,20.149441679609886,7.404720630522142
407,165649,67419143,20.174241001832016,7.410795055420619
408,166464,67917312,20.199009876724155,7.416859538532378
409,167281,68417929,20.223748416156685,7.422914120436214
410,168100,68921000,20.248456731316587,7.428958841446565
411,168921,69426531,20.273134932713294,7.434993741615868
412,169744,69934528,20.29778313018444,7.441018860736905
413,170569,70444997,20.322401432901575,7.447034238345107
414,171396,70957944,20.346989949375804,7.4530399137208345
415,172225,71473375,20.37154878746336,7.45903592589164
416,173056,71991296,20.396078054371138,7.4650223136344955
417,173889,72511713,20.42057785666214,7.470999115478001
418,174724,73034632,20.445048300260872,7.476966369704569
419,175561,73560059,20.46948949045872,7.482924114352577
420,176400,74088000,20.493901531919196,7.488872387218507
421,177241,74618461,20.518284528683193,7.49481122585905
422,178084,75151448,20.54263858417414,7.500740667593201
423,178929,75686967,20.566963801203133,7.506660749504312
424,179776,76225024,20.591260281974,7.512571508442143
425,180625,76765625,20.615528128088304,7.518472981024873
426,181476,77308776,20.639767440550294,7.524365203641101
427,182329,77854483,20.663978319771825,7.530248212451817
428,183184,78402752,20.688160865577203,7.536122043392361
429,184041,78953589,20.71231517720798,7.541986732174345
430,184900,79507000,20.73644135332772,7.547842314287574
431,185761,80062991,20.760539492026695,7.553688825001928
432,186624,80621568,20.784609690826528,7.559526299369238
433,187489,81182737,20.808652046684813,7.565354772225128
434,188356,81746504,20.83266665599966,7.571174278190852
435,189225,82312875,20.85665361461421,7.576984851675098
436,190096,82881856,20.8806130178211,7.582786526875781
437,190969,83453453,20.904544960366874,7.588579337781814
438,191844,84027672,20.92844953645635,7.594363318174861
439,192721,84604519,20.952326839756964,7.6001385016310685
440,193600,85184000,20.97617696340303,7.605904921522782
441,194481,85766121,21.0,7.611662611020244
442,195364,86350888,21.02379604162864,7.617411603093271
443,196249,86938307,21.047565179849187,7.623151930512917
444,197136,87528384,21.071307505705477,7.628883625853116
445,198025,88121125,21.095023109728988,7.634606721492309
446,198916,88716536,21.118712081942874,7.640321249615054
447,199809,89314623,21.142374511865974,7.646027242213618
448,200704,89915392,21.166010488516726,7.651724731089556
449,201601,90518849,21.18962010041709,7.657413747855264
450,202500,91125000,21.213203435596427,7.66309432393553
451,203401,91733851,21.236760581595302,7.668766490569059
452,204304,92345408,21.2602916254693,7.674430278809982
453,205209,92959677,21.283796653792763,7.680085719529357
454,206116,93576664,21.307275752662516,7.685732843416645
455,207025,94196375,21.330729007701542,7.691371680981177
456,207936,94818816,21.354156504062622,7.697002262553609
457,208849,95443993,21.37755832643195,7.702624618287351
458,209764,96071912,21.400934559032695,7.708238778159992
459,210681,96702579,21.42428528562855,7.713844771974705
460,211600,97336000,21.447610589527216,7.719442629361641
461,212521,97972181,21.470910553583888,7.725032379779304
462,213444,98611128,21.494185260204677,7.73061405251592
463,214369,99252847,21.517434791350013,7.736187676690783
464,215296,99897344,21.540659228538015,7.741753281255592
465,216225,100544625,21.563858652847824,7.747310894995782
466,217156,101194696,21.587033144922902,7.752860546531822
467,218089,101847563,21.61018278497431,7.7584022643205195
468,219024,102503232,21.633307652783937,7.763936076656306
469,219961,103161709,21.656407827707714,7.769462011672504
470,220900,103823000,21.6794833886788,7.774980097342586
471,221841,104487111,21.702534414210707,7.780490361481424
472,222784,105154048,21.72556098240043,7.78599283174652
473,223729,105823817,21.748563170931547,7.79148753563923
474,224676,106496424,21.77154105707724,7.796974500505972
475,225625,107171875,21.79449471770337,7.802453753539423
476,226576,107850176,21.817424229271428,7.807925321779708
477,227529,108531333,21.840329667841555,7.813389232115572
478,228484,109215352,21.863211109075447,7.8188455112855415
479,229441,109902239,21.88606862823929,7.82429418587908
480,230400,110592000,21.908902300206645,7.829735282337726
481,231361,111284641,21.93171219946131,7.835168826956221
482,232324,111980168,21.95449840010015,7.840594845883629
483,233289,112678587,21.97726097583591,7.846013365124445
484,234256,113379904,22.0,7.851424410539689
485,235225,114084125,22.02271554554524,7.856828007847996
486,236196,114791256,22.045407685048602,7.862224182626689
487,237169,115501303,22.06807649071391,7.867612960312844
488,238144,116214272,22.090722034374522,7.872994366204345
489,239121,116930169,22.11334438749598,7.878368425460935
490,240100,117649000,22.135943621178654,7.883735163105242
491,241081,118370771,22.15851980616034,7.88909460402381
492,242064,119095488,22.181073012818835,7.894446772968114
493,243049,119823157,22.20360331117452,7.899791694555565
494,244036,120553784,22.22611077089287,7.9051293932705065
495,245025,121287375,22.24859546128699,7.910459893465201
496,246016,122023936,22.271057451320086,7.91578321936081
497,247009,122763473,22.293496809607955,7.92109939504836
498,248004,123505992,22.315913604421397,7.926408444489703
499,249001,124251499,22.338307903688676,7.931710391518466
500,250000,125000000,22.360679774997898,7.937005259840997
501,251001,125751501,22.38302928559939,7.942293073037288
502,252004,126506008,22.40535650240808,7.9475738545619095
503,253009,127263527,22.427661492005804,7.952847627744923
504,254016,128024064,22.44994432064365,7.958114415792783
505,255025,128787625,22.47220505424423,7.963374241789242
506,256036,129554216,22.494443758403985,7.968627128696237
507,257049,130323843,22.516660498395403,7.973873099354774
508,258064,131096512,22.538855339169288,7.979112176485801
509,259081,131872229,22.561028345356956,7.984344382691074
510,260100,132651000,22.58317958127243,7.989569740454012
511,261121,133432831,22.60530911091463,7.994788272140555
512,262144,134217728,22.627416997969522,7.999999999999999
513,263169,135005697,22.64950330581225,8.005204946165835
514,264196,135796744,22.67156809750927,8.01040313265657
515,265225,136590875,22.693611435820433,8.015594581376558
516,266256,137388096,22.715633383201094,8.020779314116801
517,267289,138188413,22.737634001804146,8.02595735255576
518,268324,138991832,22.759613353482084,8.031128718260154
519,269361,139798359,22.781571499789035,8.036293432685742
520,270400,140608000,22.80350850198276,8.041451517178116
521,271441,141420761,22.825424421026653,8.04660299297347
522,272484,142236648,22.847319317591726,8.051747881199377
523,273529,143055667,22.869193252058544,8.056886202875548
524,274576,143877824,22.891046284519195,8.062017978914579
525,275625,144703125,22.9128784747792,8.067143230122717
526,276676,145531576,22.93468988235943,8.07226197720059
527,277729,146363183,22.956480566497994,8.077374240743945
528,278784,147197952,22.978250586152114,8.082480041244379
529,279841,148035889,23.0,8.087579399090064
530,280900,148877000,23.021728866442675,8.092672334566455
531,281961,149721291,23.043437243605826,8.097758867857012
532,283024,150568768,23.065125189341593,8.102839019043893
533,284089,151419437,23.08679276123039,8.107912808108658
534,285156,152273304,23.108440016582687,8.112980254932962
535,286225,153130375,23.130067012440755,8.118041379299234
536,287296,153990656,23.15167380558045,8.123096200891359
537,288369,154854153,23.173260452512935,8.128144739295356
538,289444,155720872,23.194827009486403,8.133187014000045
539,290521,156590819,23.2163735324878,8.138223044397701
540,291600,157464000,23.2379000772445,8.14325284978472
541,292681,158340421,23.259406699226016,8.148276449362262
542,293764,159220088,23.280893453645632,8.153293862236906
543,294849,160103007,23.302360395462088,8.15830510742128
544,295936,160989184,23.323807579381203,8.163310203834696
545,297025,161878625,23.345235059857504,8.168309170303784
546,298116,162771336,23.366642891095847,8.173302025563112
547,299209,163667323,23.388031127053,8.178288788255804
548,300304,164566592,23.40939982143925,8.18326947693415
549,301401,165469149,23.430749027719962,8.18824411006022
550,302500,166375000,23.45207879911715,8.193212706006458
551,303601,167284151,23.473389188611005,8.198175283056287
552,304704,168196608,23.49468024894146,8.203131859404694
553,305809,169112377,23.515952032609693,8.208082453158825
554,306916,170031464,23.53720459187964,8.213027082338558
555,308025,170953875,23.558437978779494,8.217965764877086
556,309136,171879616,23.57965224510319,8.22289851862149
557,310249,172808693,23.600847442411894,8.2278253613333
558,311364,173741112,23.62202362203543,8.232746310689071
559,312481,174676879,23.643180835073778,8.237661384280925
560,313600,175616000,23.664319132398465,8.242570599617112
561,314721,176558481,23.68543856465402,8.247473974122565
562,315844,177504328,23.706539182259394,8.252371525139433
563,316969,178453547,23.727621035409346,8.257263269927625
564,318096,179406144,23.748684174075834,8.26214922566535
565,319225,180362125,23.769728648009426,8.267029409449643
566,320356,181321496,23.790754506740637,8.271903838296893
567,321489,182284263,23.811761799581316,8.276772529143361
568,322624,183250432,23.83275057562597,8.281635498845706
569,323761,184220009,23.853720883753127,8.28649276418149
570,324900,185193000,23.874672772626646,8.291344341849696
571,326041,186169411,23.895606290697042,8.296190248471225
572,327184,187149248,23.916521486202797,8.301030500589404
573,328329,188132517,23.93741840717165,8.305865114670475
574,329476,189119224,23.958297101421877,8.310694107104096
575,330625,190109375,23.979157616563597,8.315517494203828
576,331776,191102976,24.0,8.320335292207616
577,332929,192100033,24.020824298928627,8.325147517278273
578,334084,193100552,24.041630560342615,8.329954185503958
579,335241,194104539,24.06241883103193,8.334755312898647
580,336400,195112000,24.08318915758459,8.339550915402606
581,337561,196122941,24.1039415863879,8.344341008882852
582,338724,197137368,24.124676163629637,8.349125609133615
583,339889,198155287,24.145392935299274,8.353904731876808
584,341056,199176704,24.166091947189145,8.358678392762462
585,342225,200201625,24.186773244895647,8.363446607369195
586,343396,201230056,24.20743687382041,8.368209391204644
587,344569,202262003,24.228082879171435,8.372966759705923
588,345744,203297472,24.24871130596428,8.377718728240055
589,346921,204336469,24.269322199023193,8.382465312104411
590,348100,205379000,24.289915602982237,8.387206526527141
591,349281,206425071,24.310491562286437,8.391942386667608
592,350464,207474688,24.331050121192877,8.396672907616814
593,351649,208527857,24.351591323771842,8.401398104397817
594,352836,209584584,24.372115213907882,8.40611799196616
595,354025,210644875,24.392621835300936,8.410832585210281
596,355216,211708736,24.413111231467404,8.415541898951927
597,356409,212776173,24.43358344574123,8.42024594794657
598,357604,213847192,24.454038521274967,8.424944746883805
599,358801,214921799,24.474476501040833,8.429638310387759
600,360000,216000000,24.49489742783178,8.434326653017491
601,361201,217081801,24.515301344262525,8.439009789267391
602,362404,218167208,24.535688292770594,8.443687733567568
603,363609,219256227,24.55605831561735,8.448360500284247
604,364816,220348864,24.576411454889016,8.45302810372016
605,366025,221445125,24.596747752497688,8.45769055811492
606,367236,222545016,24.61706725018234,8.462347877645415
607,368449,223648543,24.63736998950984,8.467000076426183
608,369664,224755712,24.657656011875904,8.471647168509785
609,370881,225866529,24.677925358506133,8.476289167887185
610,372100,226981000,24.698178070456937,8.480926088488113
611,373321,228099131,24.71841418861655,8.485557944181442
612,374544,229220928,24.73863375370596,8.490184748775546
613,375769,230346397,24.758836806279895,8.494806516018663
614,376996,231475544,24.779023386727733,8.49942325959926
615,378225,232608375,24.79919353527449,8.504034993146382
616,379456,233744896,24.819347291981714,8.50864173023001
617,380689,234885113,24.839484696748443,8.513243484361416
618,381924,236029032,24.859605789312106,8.517840268993503
619,383161,237176659,24.879710609249457,8.52243209752116
620,384400,238328000,24.899799195977465,8.527018983281597
621,385641,239483061,24.919871588754223,8.531600939554695
622,386884,240641848,24.939927826679853,8.53617797956334
623,388129,241804367,24.95996794869737,8.540750116473752
624,389376,242970624,24.979991993593593,8.545317363395833
625,390625,244140625,25.0,8.549879733383484
626,391876,245314376,25.019992006393608,8.554437239434941
627,393129,246491883,25.03996805109783,8.5589898944931
628,394384,247673152,25.059928172283335,8.56353771144584
629,395641,248858189,25.079872407968907,8.568080703126336
630,396900,250047000,25.099800796022265,8.572618882313394
631,398161,251239591,25.11971337416094,8.577152261731756
632,399424,252435968,25.13961017995307,8.581680854052413
633,400689,253636137,25.15949125081825,8.586204671892924
634,401956,254840104,25.179356624028344,8.590723727817718
635,403225,256047875,25.199206336708304,8.595238034338408
636,404496,257259456,25.219040425836983,8.59974760391409
637,405769,258474853,25.238858928247925,8.604252448951648
638,407044,259694072,25.25866188063018,8.608752581806055
639,408321,260917119,25.278449319529077,8.61324801478067
640,409600,262144000,25.298221281347036,8.617738760127533
641,410881,263374721,25.317977802344327,8.622224830047667
642,412164,264609288,25.337718918639855,8.626706236691353
643,413449,265847707,25.357444666211933,8.631182992158438
644,414736,267089984,25.37715508089904,8.635655108498609
645,416025,268336125,25.39685019840059,8.640122597711688
646,417316,269586136,25.41653005427767,8.644585471747906
647,418609,270840023,25.436194683953808,8.64904374250819
648,419904,272097792,25.45584412271571,8.653497421844449
649,421201,273359449,25.475478405713993,8.657946521559834
650,422500,274625000,25.495097567963924,8.662391053409026
651,423801,275894451,25.514701644346147,8.66683102909851
652,425104,277167808,25.534290669607408,8.671266460286839
653,426409,278445077,25.553864678361276,8.675697358584907
654,427716,279726264,25.573423705088842,8.68012373555622
655,429025,281011375,25.592967784139454,8.684545602717153
656,430336,282300416,25.612496949731394,8.688962971537222
657,431649,283593393,25.632011235952593,8.693375853439344
658,432964,284890312,25.65151067676132,8.697784259800093
659,434281,286191179,25.67099530598687,8.702188201949959
660,435600,287496000,25.69046515733026,8.706587691173612
661,436921,288804781,25.709920264364882,8.710982738710142
662,438244,290117528,25.729360660537214,8.715373355753327
663,439569,291434247,25.748786379167466,8.719759553451876
664,440896,292754944,25.768197453450252,8.724141342909673
665,442225,294079625,25.787593916455254,8.728518735186041
666,443556,295408296,25.80697580112788,8.732891741295965
667,444889,296740963,25.826343140289914,8.737260372210358
668,446224,298077632,25.84569596664017,8.741624638856287
669,447561,299418309,25.865034312755125,8.745984552117223
670,448900,300763000,25.88435821108957,8.750340122833274
671,450241,302111711,25.903667693977237,8.754691361801425
672,451584,303464448,25.92296279363144,8.759038279775778
673,452929,304821217,25.942243542145693,8.763380887467774
674,454276,306182024,25.96150997149434,8.767719195546436
675,455625,307546875,25.98076211353316,8.772053214638596
676,456976,308915776,26.0,8.776382955329126
677,458329,310288733,26.019223662515376,8.78070842816116
678,459684,311665752,26.038433132583073,8.785029643636324
679,461041,313046839,26.057628441590765,8.789346612214963
680,462400,314432000,26.076809620810597,8.793659344316357
681,463761,315821241,26.095976701399778,8.79796785031895
682,465124,317214568,26.115129714401192,8.80227214056056
683,466489,318611987,26.13426869074396,8.806572225338611
684,467856,320013504,26.153393661244042,8.810868114910337
685,469225,321419125,26.1725046566048,8.815159819493
686,470596,322828856,26.19160170741759,8.819447349264111
687,471969,324242703,26.210684844162312,8.823730714361636
688,473344,325660672,26.229754097208,8.828009924884206
689,474721,327082769,26.248809496813376,8.832284990891333
690,476100,328509000,26.267851073127396,8.836555922403612
691,477481,329939371,26.28687885618983,8.840822729402927
692,478864,331373888,26.30589287593181,8.845085421832662
693,480249,332812557,26.324893162176366,8.849344009597905
694,481636,334255384,26.343879744638983,8.85359850256564
695,483025,335702375,26.362852652928137,8.857848910564961
696,484416,337153536,26.38181191654584,8.862095243387268
697,485809,338608873,26.40075756488817,8.866337510786456
698,487204,340068392,26.419689627245813,8.87057572247913
699,488601,341532099,26.43860813280457,8.874809888144785
700,490000,343000000,26.457513110645905,8.879040017426005
701,491401,344472101,26.476404589747453,8.883266119928665
702,492804,345948408,26.49528259898354,8.88748820522211
703,494209,347428927,26.514147167125703,8.891706282839353
704,495616,348913664,26.5329983228432,8.895920362277261
705,497025,350402625,26.551836094703507,8.900130452996748
706,498436,351895816,26.570660511172846,8.904336564422959
707,499849,353393243,26.589471600616662,8.908538705945451
708,501264,354894912,26.60826939130014,8.91273688691839
709,502681,356400829,26.627053911388696,8.916931116660717
710,504100,357911000,26.645825188948457,8.921121404456347
711,505521,359425431,26.664583251946766,8.925307759554336
712,506944,360944128,26.68332812825267,8.929490191169075
713,508369,362467097,26.70205984563738,8.93366870848045
714,509796,363994344,26.720778431774775,8.93784332063404
715,511225,365525875,26.739483914241877,8.942014036741272
716,512656,367061696,26.758176320519304,8.946180865879617
717,514089,368601813,26.77685567799177,8.950343817092747
718,515524,370146232,26.795522013948524,8.954502899390718
719,516961,371694959,26.814175355583846,8.958658121750135
720,518400,373248000,26.832815729997478,8.962809493114328
721,519841,374805361,26.851443164195103,8.966957022393517
722,521284,376367048,26.870057685088806,8.971100718464983
723,522729,377933067,26.888659319497503,8.975240590173236
724,524176,379503424,26.90724809414742,8.979376646330175
725,525625,381078125,26.92582403567252,8.983508895715262
726,527076,382657176,26.94438717061496,8.98763734707568
727,528529,384240583,26.962937525425527,8.991762009126496
728,529984,385828352,26.981475126464083,8.995882890550828
729,531441,387420489,27.0,8.999999999999998
730,532900,389017000,27.018512172212592,9.0041133460937
731,534361,390617891,27.03701166919155,9.008222937420152
732,535824,392223168,27.055498516937366,9.012328782536256
733,537289,393832837,27.073972741361768,9.01643088996776
734,538756,395446904,27.09243436828813,9.020529268209405
735,540225,397065375,27.110883423451916,9.024623925725086
736,541696,398688256,27.129319932501073,9.028714870948003
737,543169,400315553,27.147743920996454,9.032802112280812
738,544644,401947272,27.16615541441225,9.03688565809579
739,546121,403583419,27.184554438136374,9.040965516734962
740,547600,405224000,27.202941017470888,9.045041696510273
741,549081,406869021,27.2213151776324,9.049114205703727
742,550564,408518488,27.23967694375247,9.053183052567535
743,552049,410172407,27.258026340878022,9.057248245324264
744,553536,411830784,27.27636339397171,9.061309792166984
745,555025,413493625,27.294688127912362,9.065367701259413
746,556516,415160936,27.313000567495326,9.069421980736058
747,558009,416832723,27.331300737432898,9.073472638702365
748,559504,418508992,27.349588662354687,9.07751968323485
749,561001,420189749,27.367864366808018,9.081563122381262
750,562500,421875000,27.386127875258307,9.085602964160698
751,564001,423564751,27.40437921208944,9.089639216563759
752,565504,425259008,27.422618401604176,9.093671887552686
753,567009,426957777,27.440845468024488,9.0977009850615
754,568516,428661064,27.459060435491963,9.101726516996134
755,570025,430368875,27.477263328068172,9.105748491234571
756,571536,432081216,27.49545416973504,9.109766915626986
757,573049,433798093,27.51363298439521,9.113781797995872
758,574564,435519512,27.53179979587241,9.117793146136178
759,576081,437245479,27.54995462791182,9.121800967815444
760,577600,438976000,27.568097504180443,9.125805270773933
761,579121,440711081,27.586228448267445,9.129806062724755
762,580644,442450728,27.60434748368452,9.133803351354011
763,582169,444194947,27.622454633866266,9.137797144320912
764,583696,445943744,27.640549922170507,9.141787449257912
765,585225,447697125,27.65863337187866,9.145774273770835
766,586756,449455096,27.676705006196094,9.149757625439008
767,588289,451217663,27.694764848252458,9.15373751181538
768,589824,452984832,27.712812921102035,9.157713940426653
769,591361,454756609,27.730849247724095,9.161686918773407
770,592900,456533000,27.748873851023216,9.165656454330222
771,594441,458314011,27.76688675382964,9.169622554545802
772,595984,460099648,27.784887978899608,9.173585226843102
773,597529,461889917,27.80287754891569,9.177544478619444
774,599076,463684824,27.820855486487112,9.181500317246647
775,600625,465484375,27.83882181415011,9.185452750071137
776,602176,467288576,27.85677655436824,9.189401784414079
777,603729,469097433,27.874719729532707,9.193347427571483
778,605284,470910952,27.892651361962706,9.197289686814337
779,606841,472729139,27.910571473905726,9.20122856938871
780,608400,474552000,27.92848008753788,9.205164082515887
781,609961,476379541,27.94637722496424,9.209096233392465
782,611524,478211768,27.964262908219126,9.213025029190485
783,613089,480048687,27.982137159266443,9.21695047705754
784,614656,481890304,28.0,9.220872584116892
785,616225,483736625,28.0178514522438,9.224791357467582
786,617796,485587656,28.035691537752374,9.228706804184545
787,619369,487443403,28.053520278211074,9.23261893131873
788,620944,489303872,28.071337695236398,9.236527745897195
789,622521,491169069,28.089143810376278,9.240433254923236
790,624100,493039000,28.106938645110393,9.244335465376482
791,625681,494913671,28.124722220850465,9.248234384213017
792,627264,496793088,28.142494558940577,9.252130018365483
793,628849,498677257,28.160255680657446,9.25602237474319
794,630436,500566184,28.178005607210743,9.25991146023222
795,632025,502459875,28.19574435974337,9.263797281695544
796,633616,504358336,28.21347195933177,9.267679845973115
797,635209,506261573,28.231188426986208,9.271559159881987
798,636804,508169592,28.24889378365107,9.275435230216411
799,638401,510082399,28.26658805020514,9.279308063747946
800,640000,512000000,28.284271247461902,9.283177667225557
801,641601,513922401,28.30194339616981,9.287044047375723
802,643204,515849608,28.319604517012593,9.29090721090254
803,644809,517781627,28.337254630609507,9.294767164487821
804,646416,519718464,28.35489375751565,9.298623914791198
805,648025,521660125,28.372521918222215,9.302477468450228
806,649636,523606616,28.39013913315678,9.30632783208048
807,651249,525557943,28.407745422683583,9.310175012275657
808,652864,527514112,28.42534080710379,9.31401901560767
809,654481,529475129,28.442925306655784,9.317859848626759
810,656100,531441000,28.460498941515414,9.321697517861576
811,657721,533411731,28.478061731796284,9.325532029819291
812,659344,535387328,28.495613697550013,9.329363390985685
813,660969,537367797,28.513154858766505,9.333191607825249
814,662596,539353144,28.53068523537421,9.337016686781281
815,664225,541343375,28.548204847240395,9.340838634275972
816,665856,543338496,28.5657137141714,9.344657456710518
817,667489,545338513,28.583211855912904,9.348473160465197
818,669124,547343432,28.600699292150182,9.352285751899474
819,670761,549353259,28.61817604250837,9.35609523735209
820,672400,551368000,28.635642126552707,9.359901623141155
821,674041,553387661,28.653097563788805,9.363704915564242
822,675684,555412248,28.6705423736629,9.367505120898475
823,677329,557441767,28.687976575562104,9.371302245400624
824,678976,559476224,28.705400188814647,9.375096295307195
825,680625,561515625,28.722813232690143,9.378887276834517
826,682276,563559976,28.74021572639983,9.382675196178834
827,683929,565609283,28.75760768909681,9.386460059516399
828,685584,567663552,28.77498913987632,9.39024187300355
829,687241,569722789,28.792360097775937,9.39402064277681
830,688900,571787000,28.809720581775867,9.397796374952973
831,690561,573856191,28.827070610799147,9.401569075629183
832,692224,575930368,28.844410203711913,9.405338750883029
833,693889,578009537,28.861739379323623,9.409105406772628
834,695556,580093704,28.879058156387302,9.412869049336713
835,697225,582182875,28.89636655359978,9.416629684594712
836,698896,584277056,28.91366458960192,9.420387318546839
837,700569,586376253,28.930952282978865,9.424141957174179
838,702244,588480472,28.948229652260256,9.427893606438763
839,703921,590589719,28.965496715920477,9.431642272283662
840,705600,592704000,28.982753492378876,9.435387960633065
841,707281,594823321,29.0,9.43913067739236
842,708964,596947688,29.017236257093817,9.442870428448217
843,710649,599077107,29.03446228191595,9.44660721966867
844,712336,601211584,29.0516780926679,9.450341056903197
845,714025,603351125,29.068883707497267,9.454071945982808
846,715716,605495736,29.086079144497972,9.457799892720109
847,717409,607645423,29.103264421710495,9.461524902909398
848,719104,609800192,29.120439557122072,9.465246982326736
849,720801,611960049,29.13760456866693,9.468966136730026
850,722500,614125000,29.154759474226502,9.472682371859095
851,724201,616295051,29.171904291629644,9.476395693435768
852,725904,618470208,29.189039038652847,9.480106107163946
853,727609,620650477,29.206163733020468,9.48381361872969
854,729316,622835864,29.223278392404914,9.487518233801286
855,731025,625026375,29.24038303442689,9.49121995802933
856,732736,627222016,29.257477676655586,9.4949187970468
857,734449,629422793,29.274562336608895,9.498614756469134
858,736164,631628712,29.29163703175362,9.502307841894304
859,737881,633839779,29.30870177950569,9.505998058902888
860,739600,636056000,29.32575659723036,9.509685413058149
861,741321,638277381,29.34280150224242,9.513369909906103
862,743044,640503928,29.359836511806396,9.5170515549756
863,744769,642735647,29.376861643136763,9.52073035377839
864,746496,644972544,29.393876913398138,9.524406311809196
865,748225,647214625,29.410882339705484,9.528079434545793
866,749956,649461896,29.427877939124322,9.531749727449073
867,751689,651714363,29.444863728670914,9.535417195963118
868,753424,653972032,29.46183972531247,9.539081845515277
869,755161,656234909,29.478805945967352,9.542743681516223
870,756900,658503000,29.49576240750525,9.54640270936004
871,758641,660776311,29.512709126747414,9.550058934424277
872,760384,663054848,29.5296461204668,9.553712362070033
873,762129,665338617,29.546573405388315,9.557362997642013
874,763876,667627624,29.563490998188964,9.561010846468605
875,765625,669921875,29.58039891549808,9.564655913861944
876,767376,672221376,29.597297173897484,9.568298205117983
877,769129,674526133,29.614185789921695,9.57193772551656
878,770884,676836152,29.631064780058107,9.575574480321464
879,772641,679151439,29.647934160747187,9.579208474780502
880,774400,681472000,29.664793948382652,9.582839714125567
881,776161,683797841,29.68164415931166,9.586468203572704
882,777924,686128968,29.698484809834994,9.590093948322178
883,779689,688465387,29.715315916207253,9.593716953558532
884,781456,690807104,29.732137494637012,9.597337224450664
885,783225,693154125,29.748949561287034,9.600954766151878
886,784996,695506456,29.765752132274432,9.604569583799963
887,786769,697864103,29.782545223670862,9.608181682517248
888,788544,700227072,29.79932885150268,9.611791067410664
889,790321,702595369,29.816103031751148,9.615397743571817
890,792100,704969000,29.832867780352597,9.619001716077046
891,793881,707347971,29.8496231131986,9.622602989987477
892,795664,709732288,29.866369046136157,9.626201570349108
893,797449,712121957,29.88310559496787,9.629797462192846
894,799236,714516984,29.899832775452108,9.633390670534583
895,801025,716917375,29.916550603303182,9.63698120037526
896,802816,719323136,29.93325909419153,9.640569056700919
897,804609,721734273,29.949958263743873,9.644154244482767
898,806404,724150792,29.966648127543394,9.64773676867724
899,808201,726572699,29.9833287011299,9.65131663422606
900,810000,729000000,30.0,9.654893846056297
901,811801,731432701,30.01666203960727,9.658468409080426
902,813604,733870808,30.033314835362415,9.66204032819639
903,815409,736314327,30.04995840263344,9.665609608287657
904,817216,738763264,30.066592756745816,9.669176254223277
905,819025,741217625,30.083217912982647,9.672740270857943
906,820836,743677416,30.099833886584822,9.67630166303205
907,822649,746142643,30.116440692751194,9.679860435571749
908,824464,748613312,30.133038346638727,9.683416593289007
909,826281,751089429,30.14962686336267,9.686970140981668
910,828100,753571000,30.166206257996713,9.6905210834335
911,829921,756058031,30.18277654557314,9.694069425414263
912,831744,758550528,30.199337741083,9.697615171679757
913,833569,761048497,30.215889859476256,9.701158326971884
914,835396,763551944,30.23243291566195,9.704698896018696
915,837225,766060875,30.24896692450835,9.708236883534461
916,839056,768575296,30.265491900843113,9.711772294219712
917,840889,771095213,30.28200785945344,9.715305132761298
918,842724,773620632,30.298514815086232,9.718835403832449
919,844561,776151559,30.315012782448235,9.722363112092822
920,846400,778688000,30.331501776206203,9.725888262188558
921,848241,781229961,30.347981810987037,9.729410858752338
922,850084,783777448,30.364452901377952,9.732930906403432
923,851929,786330467,30.380915061926625,9.736448409747753
924,853776,788889024,30.397368307141328,9.739963373377918
925,855625,791453125,30.4138126514911,9.743475801873288
926,857476,794022776,30.430248109405877,9.74698569980003
927,859329,796597983,30.44667469527666,9.750493071711166
928,861184,799178752,30.463092423455635,9.753997922146626
929,863041,801765089,30.479501308256342,9.757500255633296
930,864900,804357000,30.495901363953813,9.761000076685075
931,866761,806954491,30.512292604784715,9.764497389802923
932,868624,809557568,30.528675044947494,9.767992199474913
933,870489,812166237,30.54504869860253,9.771484510176279
934,872356,814780504,30.56141357987225,9.77497432636947
935,874225,817400375,30.577769702841312,9.7784616525042
936,876096,820025856,30.59411708155671,9.781946493017495
937,877969,822656953,30.610455730027933,9.785428852333746
938,879844,825293672,30.62678566222711,9.788908734864753
939,881721,827936019,30.643106892089126,9.792386145009784
940,883600,830584000,30.659419433511783,9.795861087155613
941,885481,833237621,30.675723300355934,9.799333565676577
942,887364,835896888,30.692018506445613,9.802803584934617
943,889249,838561807,30.708305065568176,9.806271149279334
944,891136,841232384,30.72458299147443,9.809736263048032
945,893025,843908625,30.740852297878796,9.813198930565768
946,894916,846590536,30.757112998459398,9.816659156145397
947,896809,849278123,30.773365106858236,9.820116944087621
948,898704,851971392,30.789608636681304,9.823572298681038
949,900601,854670349,30.805843601498726,9.827025224202185
950,902500,857375000,30.822070014844883,9.830475724915583
951,904401,860085351,30.83828789021855,9.833923805073795
952,906304,862801408,30.854497241083024,9.837369468917455
953,908209,865523177,30.870698080866262,9.840812720675327
954,910116,868250664,30.886890422961002,9.844253564564347
955,912025,870983875,30.903074280724887,9.847692004789666
956,913936,873722816,30.919249667480614,9.851128045544696
957,915849,876467493,30.93541659651604,9.854561691011158
958,917764,879217912,30.95157508108432,9.857992945359124
959,919681,881974079,30.967725134404045,9.86142181274706
960,921600,884736000,30.983866769659336,9.86484829732188
961,923521,887503681,31.0,9.868272403218972
962,925444,890277128,31.016124838541646,9.871694134562263
963,927369,893056347,31.0322412983658,9.875113495464246
964,929296,895841344,31.04834939252005,9.878530490026034
965,931225,898632125,31.064449134018133,9.881945122337392
966,933156,901428696,31.080540535840107,9.885357396476797
967,935089,904231063,31.096623610932426,9.888767316511464
968,937024,907039232,31.11269837220809,9.8921748864974
969,938961,909853209,31.12876483254676,9.89558011047944
970,940900,912673000,31.144823004794873,9.898982992491293
971,942841,915498611,31.160872901765767,9.902383536555579
972,944784,918330048,31.176914536239792,9.905781746683878
973,946729,921167317,31.192947920964443,9.90917762687677
974,948676,924010424,31.20897306865447,9.91257118112387
975,950625,926859375,31.22498999199199,9.915962413403872
976,952576,929714176,31.240998703626616,9.9193513276846
977,954529,932574833,31.25699921617557,9.922737927923034
978,956484,935441352,31.272991542223778,9.92612221806536
979,958441,938313739,31.28897569432403,9.929504202047006
980,960400,941192000,31.304951684997057,9.932883883792686
981,962361,944076141,31.32091952673165,9.936261267216436
982,964324,946966168,31.336879231984796,9.939636356221657
983,966289,949862087,31.352830813181765,9.943009154701157
984,968256,952763904,31.368774282716245,9.94637966653718
985,970225,955671625,31.38470965295043,9.949747895601458
986,972196,958585256,31.400636936215164,9.953113845755247
987,974169,961504803,31.416556144810016,9.956477520849354
988,976144,964430272,31.432467291003423,9.959838924724197
989,978121,967361669,31.448370387032774,9.963198061209825
990,980100,970299000,31.464265445104548,9.966554934125963
991,982081,973242271,31.480152477394387,9.969909547282054
992,984064,976191488,31.496031496047245,9.97326190447729
993,986049,979146657,31.51190251317746,9.976612009500661
994,988036,982107784,31.52776554086889,9.979959866130974
995,990025,985074875,31.54362059117501,9.983305478136913
996,992016,988047936,31.559467676119,9.986648849277055
997,994009,991026973,31.575306807693888,9.989989983299925
998,996004,994011992,31.591137997862628,9.993328883944022
999,998001,997002999,31.606961258558215,9.99666555493786
